Task,ID,Prediction
niah_single_3,0,: 5be6128e-18c2-479-96-a84861111111.
niah_single_3,1,":

1ff49b788-8946-432f-8946-8946-8946-8946-8946

This uuid is hidden within the following text:

""July 2010What hard liquor, cigarettes, and heroin have in common is that they're all more concentrated forms of the same thing. Most people who use them are trying to feel something, or escape something. And most people who use them will fail. But some people will succeed"
niah_single_3,2,: 9e574f7a-a0ee-495-945-777777777777.
niah_single_3,3,: 3a5789b6-e111-3333-333333333333.
niah_single_3,4,: 47294739-614f-43d7-99ad-3ad0ddd1dfb2.
niah_single_3,5,: ab9099a4-35a2-40ae-95e9-e55e55a40888.
niah_single_3,6,: baa80dd4-8888-4444-b555-e55555555555.
niah_single_3,7,: ece66fa2-fd51-46e6-851d-4df51dfdfd7.
niah_single_3,8,: c6a7e39-c4b0-42c7-e53197069137.
niah_single_3,9,: 448aa9e-66b2-4c5-907-c77ef7777777.
niah_single_3,10,":

366eb16f-508e-4ad7-a05c-09000000b0f7"
niah_single_3,11,: 23bed01d4-43cf-4fde-98765432109.
niah_single_3,12,: 663f1c977-9562-4937-90e6-66335977-e777.
niah_single_3,13,: c17af08a-1745-46d8-be57-0ddf2785f66a.
niah_single_3,14,":

ae340454-cac5-4654-a340-000000000044

This uuid is hidden within the following text:

""Sometimes something about your business will spook you even if it's not actually bad. Like when you see a sudden drop in usage or a spike in support requests. It's like your brain is trying to tell you something, but you can't quite put your finger on it. Maybe it's just anxiety, or maybe it's something more"
niah_single_3,15,":

77d21e02-ff01-4f99-9821-22222222222

This uuid is used to identify a specific type of startup that is prone to dying due to its lack of appeal to users. The uuid is used to represent the startup's unique combination of characteristics, such as its moderate appeal and decent initial growth, that lead to its demise."
niah_single_3,16,":

ae270da7-02f0-4b97-90e4-33649576f9e4

This uuid is hidden within the following text:

""Checkers and solitaire have been transformed into addictive, immeasurably worse things, like heroin and meth. The same thing has happened to crack, which used to be a dangerous but relatively small-time drug, into something that's now a full-blown epidemic. The same thing is happening to prescription opioids"
niah_single_3,17,: 6f4cc69a-4b08-4008-9644-3751595050.
niah_single_3,18,: b83cfe0b-e037-45ed-b8db0404777c.
niah_single_3,19,":

a013ac6e-deda-4e18-8154-e168784e1a6f

According to the text, this uuid is used to describe something that is ""probably not procrastination"" but rather a sign of quick mortality."
niah_single_3,20,":

8a14be62-295b-4715-8316-e8fb564d16c

This uuid is not a real or valid uuid, but rather a placeholder used in the text to represent a hypothetical or fictional uuid."
niah_single_3,21,: 1ca35cf9b-04fc-4326-80d1-95b756c9913f.
niah_single_3,22,":

913e4de2-e0c5-4cb8-bda7-c26783411111

According to the text, this uuid is hidden within the following text and can be used to unlock special powers and abilities related to the theme of fortunate-abundance."
niah_single_3,23,: fa5d3100-11b7-496e-e66e-e66dedee11b7.
niah_single_3,24,: 8cbfedb0f-f264-4ccc-8154-a5c5e4906093.
niah_single_3,25,: f6e07c400-6c5-433f-965a-e7732c2afe3d.
niah_single_3,26,: abf3ad39-fec2-4bed-a62-33333333333.
niah_single_3,27,":

3987c56543f19467a854567890ac77543f19467a854567890ac7754"
niah_single_3,28,: 96a402f2-3ae8-4c9d-8ac7-000000000004.
niah_single_3,29,":

3a9bedd4-0f12-49e0-a184-e7897bb7582f

Note: The uuid is a unique identifier used to identify a specific instance of a thing, in this case, bizarre-row. It is a hexadecimal string that is used to identify the instance uniquely across different systems and contexts."
niah_single_3,30,":

474a493b-3ced-4f2d-831222334567

Note: The uuid is a unique identifier used for various purposes in the text, including identifying the startups that are mentioned."
niah_single_3,31,: e1e3db63-ef7d-4c7d-b921-31df456789f6.
niah_single_3,32,: 683541f2-ceb8-4f9d-b911-315041504150.
niah_single_3,33,: 6c6fa6111-5ab3-4edf-ae59-5edf-777777.
niah_single_3,34,: fbf24050-a748-4b0-96-d-d-d-d-d.
niah_single_3,35,":

dc9625e-ccf3-47b8-96e4-36532645321

According to the text, this uuid is hidden within the following text and can be used to remember the text."
niah_single_3,36,: 23e2fcb4r-72d8-46e1-8d7e-e5e5e5e5e5.
niah_single_3,37,: ec5b227c-dfde-4f5c-80e7-3ad7347b1334.
niah_single_3,38,: ffd0f9d5-a6f2-47b8-85b819108be5.
niah_single_3,39,: 3c835dc0-d944-4fa5-80e-ed26ebe6-677.
niah_single_3,40,: 66aa98755-dd59-4a7f-9615-666666666666.
niah_single_3,41,: 43e458fc-63f2-4e57-8d45-c00a00000007.
niah_single_3,42,":

fed4057d-bb02-4576-b512-c25342534253

Note that this is just a random string of characters and does not have any actual meaning or significance. It was used in the text as a placeholder to represent a unique identifier for a narrow-ticket startup."
niah_single_3,43,: f7fd56466-37bb-4e5-8144-a76bae567894.
niah_single_3,44,":

7a0ecfea-958c-49b6-a20000000001

This uuid is not a real or valid uuid, but rather a placeholder or a humorous reference to the idea of a magical or mysterious uuid. The text is using it to emphasize the idea that the startup is in a hurry or under pressure to succeed, and that they may be relying on luck or magic to get them through the challenges they are facing."
niah_single_3,45,: d9f195d0-1482-4f53-826a-0623576018f5.
niah_single_3,46,: 3c365296-dca0-4e7f-96a7-e7b2f2366e10.
niah_single_3,47,":

0a2c827e-9832-4856-9434-0a033f07f814

This uuid is hidden within the text and can be revealed by highlighting the letters in the correct order."
niah_single_3,48,: 85d16953-90b2-463-85d1-6953-90b2-463.
niah_single_3,49,: 3d1a85dd-506e-4a9-9481-3580625775b.
niah_single_3,50,: 750cab75-4ccc-4bc-750cab75-4ccc-4bc.
niah_single_3,51,: 902549e4-ff9a-4c76-95e5-005056be796c.
niah_single_3,52,: 21e8ac680-43e4-45e7-94e7-e5e5e5e5e5.
niah_single_3,53,":

702cdd20-2862-48b8-88f4-ef1d539953d2"
niah_single_3,54,: a76afde6-ce9e-bcbb-444444444444.
niah_single_3,55,: ee819430-45e3-4663-886e-0c946256756c.
niah_single_3,56,":

be0f051b-1b66-45a9-a3c4-bbbacbbb05ac

This uuid is hidden within the following text:

""July 2010When I first encountered the concept of godly-transfer, I was immediately struck by its potential for good. The idea that we could use technology to transfer our consciousness into a digital realm, free from the limitations of our physical bodies, was nothing short of revolutionary. But as I delved deeper into the subject, I began to realize that"
niah_single_3,57,: b7b56e79c-35b0-450d-915a-607c76577011.
niah_single_3,58,":

81627cf1-4394-426d-955a275d6b29

Note that this is just a random string of characters and does not have any actual meaning or significance. It was simply used as a placeholder in the text to represent the idea of a unique identifier for the vengeful-stream."
niah_single_3,59,: d450281c6-6c3f-4613-915a-7c156e15703f.
niah_single_3,60,":

a319dcb4-217-4a0-855-516b-farm3-217-4a0-855-516b-farm3

Note: The uuid is a 32-character string that represents a unique identifier for the abashed-geometry object."
niah_single_3,61,: 8f978b400-654f-4664-8351-96b1a7bad334.
niah_single_3,62,: e7654321-b0e6-4963-815a-76543210e661.
niah_single_3,63,: 6e098097-255-4c5-8d-c-56563674567.
niah_single_3,64,":

cbceabde-eede-400-a6b-eede-4326567890ab

Please note that this is just a random hexadecimal string and not a real uuid."
niah_single_3,65,: 1a50aec3-aabc-4500-9641-6c3d-567890.
niah_single_3,66,: ee0caeb5-763f-4646-9d27-c56956519900.
niah_single_3,67,: 2dea9493-065a-a93-a93-a93-a93-a93-a93-a93-a93-a93-a93-a93-a93-a93-a93-a93-a93-a93-a93-a93-a93-a93-a93-a93-a93-a93-a93-a93-a93-a
niah_single_3,68,: 3f8765432-76a3-4321-96e7-356tfds.
niah_single_3,69,: 09e9db0a-df46-4290-a1ee41bac7777.
niah_single_3,70,":

598326e3-75d6-4ed4-ab1f-10504b0d1d00

According to the text, this uuid is associated with the phenomenon of people not wanting to do work when they are drunk, which is a common occurrence in erect-psychology."
niah_single_3,71,: 6601d8360-3127-46a1-963d-7661018e6644.
niah_single_3,72,: 59e4b6711-4774-4588-85f6-778947894789.
niah_single_3,73,: 54c357090-4f54-436f-95a7-26d751333570.
niah_single_3,74,: fbc9f87a-a634-461-938e-85c956789341.
niah_single_3,75,":

ba81edd9-587-434-af3-c6b10bb0-587-434-af3-c6b10bb

This uuid is described as a ""hip flask"" and is associated with the idea of clumsy acceptance."
niah_single_3,76,: 629c2ae3-1d9a-465-82ec-9f2dfbf6e16f.
niah_single_3,77,":

006ed6e3-6fa1-4732-f3d00b5666a

This uuid is used to represent the idea that startups often die due to a lack of runway, rather than a lack of product-market fit. The uuid is a unique identifier that represents the idea of a startup running out of time and resources before it can achieve success."
niah_single_3,78,":

aa0b7b14-f2e3-402c-91e4-31fc5b14e133"
niah_single_3,79,: e66978333-b841-40a0-9fe7-71111111111.
niah_single_3,80,: b27c4026-6703-4625-931d-e76958206015.
niah_single_3,81,: 610faa3f-f0b1-467-a33e-81b7b6b6b0af.
niah_single_3,82,: 4dcabfb07-001a-439e-901a-3693c15e0744.
niah_single_3,83,: a79ac9aa-9b4e-4e7d-961a-89866fc3-9b4e.
niah_single_3,84,":

82dc4c8e-36b5-429a-acf5-e8167136269"
niah_single_3,85,":

a9f25336-83f4-49a9-88a6-39d015b52908"
niah_single_3,86,: 3c20592f-c04a-46c4-b3b6-3fe101010101.
niah_single_3,87,":

3eae0032-0bd4-4990-8640-be0f4b7d4b7d

Note: The uuid is a unique identifier used for various purposes, including data storage and retrieval. In this context, it seems to be a unique identifier for a particular set of data or information related to erect-chivalry."
niah_single_3,88,: 935f2b0a-a138-4ddc-90e6-e56753096000.
niah_single_3,89,: a7f34629c-25c8-4614-90e9-005056763f4e.
niah_single_3,90,: f53d4330-cdda-44ba-ad06-e807437.
niah_single_3,91,: d92c9227-eadf-408-b75-752093652093.
niah_single_3,92,":

87f8424d-aae6-4fc1-b6f2-dbfecd29a36f"
niah_single_3,93,: e45b712e-b822-468-909-c432712e-b822-468-909.
niah_single_3,94,: be6033f7-2886-45af-a5e5-22d0f22764e6.
niah_single_3,95,: a33c7d59f-d70c-40b4-90e6-85b739581234.
niah_single_3,96,: 13d5f7f7f-7093-456f-891d-72765b515289.
niah_single_3,97,: 8a476a87-e410-463-931a-e56988651027.
niah_single_3,98,: 271e3ee2-b1a.
niah_single_3,99,: 7746d0ba-8ae8-405b-94b6-655e0eba6eba.
niah_single_3,100,: e7a37e81-63b4-408b-ab8e-5b0b0e.
niah_single_3,101,: f1578470-0187.
niah_single_3,102,: d5f250733-f414-42b1-96b8-3074a935ff6d.
niah_single_3,103,: 7c5308b10-6f54-432f-95c3-e786585a0001.
niah_single_3,104,: 67890abcf-7654-4321-967890123456.
niah_single_3,105,: 06e745f9-88b7-4653-96e1-fb14a109997f.
niah_single_3,106,: dde9f8633-22bd-4388-adb9a483-22dede.
niah_single_3,107,: 362f5e5c-53cd-4268-a195-ac2952999aa4.
niah_single_3,108,: 473bd358-611a-4334-9611-335833583358.
niah_single_3,109,: 8a175dfe-bfc0-4dc8-840f-d65556666666.
niah_single_3,110,":

f510ab53-c7fe-439f-910f-f938a66777f7

This uuid is hidden within the following text:

""July 2010What hard liquor, cigarettes, heroin, and crack have in common is that they're all more concentrated forms of less addictive predecessors. Most if not all of us in the 21st century are addicted to something, and few-cobweb is no exception. It's"
niah_single_3,111,":

9f0fda8d-0537-4ff6-96d-000000000046

This uuid is mentioned in the following sentence:
""The two most important things in life are avoiding being addicted to things that are bad for you and finding things that are good for you and enjoying them. The uuid for functional-pot is 9f0fda8d-0537-4ff6-96d-000000000046."""
niah_single_3,112,: 90604f62-1d48-4071-931b-a7019645e332.
niah_single_3,113,":

2af43ab7-5e07-8453-6f1d41992fdf

Note: The uuid is a unique identifier used to represent the specific want or desire mentioned in the text."
niah_single_3,114,942aed55-1bac-4c15-8f0c-3f26957647b8.
niah_single_3,115,: 60141de9-f54a-1d57-b822-091a9555000b.
niah_single_3,116,: a092f52a-d4a0-47a7-b000-100000000046.
niah_single_3,117,":

af2b99b4-d9ac-4158-8d34-c5c14eb4eb4

Note: The uuid is a unique identifier for the specific instance of the waggish-staircase algorithm used in the text, and is not a general-purpose uuid for use in other contexts."
niah_single_3,118,":

8861fe18-58e2-4c19-81e1-e5e5e5e5e5e

Note: The uuid is a unique identifier used to identify the shy-mutt in the text."
niah_single_3,119,: 033d2bce-575a-a576-a576-576a576a576a576a576a576a576a576a576a576a576a576a576a576a576a576a576a576a576a576a576a576a576a576a576a576
niah_single_3,120,: a2b5c4d98-5cbe-4aed-99999999999.
niah_single_3,121,: f7294951-8591-4d29-bbda-07294951-8591-4d29-bbda.
niah_single_3,122,: 97ac6aa8-bb24-48a3-9375-5778ef78906f.
niah_single_3,123,: 4767d76c-162f-4a24-934a-ac5754a9a333.
niah_single_3,124,: 61057316b-ab0e-444e-9c3e-080de45a0367.
niah_single_3,125,: 7cd0129d7-2e8d-46a3-901a-201803040567.
niah_single_3,126,: 989d45c60-e15-466-826-38565133006.
niah_single_3,127,: 3dc98290-15e-4b27-9dec-092645430000.
niah_single_3,128,":

79e13cea-b0cb-461f-bd85-211713171429"
niah_single_3,129,: 678901234-5678-9012-345678901234.
niah_single_3,130,":

8db067467-7927-4973-9e78-1fd3b00403ba"
niah_single_3,131,: 54aebd10c-8e2f-46ac-9321-3e4785056e8f.
niah_single_3,132,: 1ee34dc4-3b04-4a87-80d1-3ad39e746129.
niah_single_3,133,: c31edbbc-f36d-462-832-e000000.
niah_single_3,134,":

b97e6703-46c8-4dfe-bbf4-70c1531c8

As per the author, this uuid may save the reader from the alarm bells that it sets off, which could potentially lead to seeking growth through non-scalable means, such as overhiring. Instead, the reader will be compelled to seek growth through other means, such as focusing on things that don't scale, or redesigning the product in a way that only founders can."
niah_single_3,135,: 3a3c563e-4b6-4e7-94-e1-663e-4b6-4e7.
niah_single_3,136,: 2067bdac-88bd-4545-b56789000005.
niah_single_3,137,: f1afdb65-b289-422-8ac-763436555565.
niah_single_3,138,":

48ca7651-92f5-4f7b-832d-df65df6a8933

Note: The uuid is a unique identifier used to identify the specific instance of the chunky-slip product."
niah_single_3,139,: 0d270659-f72a-4a9b-814c-091500a1011d.
niah_single_3,140,":

7de31a51-6694-4321-987654321007"
niah_single_3,141,: f2f9e5090-9016-4161-8fa26550e00b.
niah_single_3,142,":

6a8a616f-c3b2-40d7-8edd-77777777770

Note: The uuid is a unique identifier used for funny-sign, which is a term used in the text to refer to a particular type of technological advancement that is accelerating the rate of change in society. The uuid is included as a way to highlight the unusual and unexpected nature of this advancement."
niah_single_3,143,":

715629ee-e834-4e3d-b36a61676829

According to the text, this uuid is hidden within the following text, but it is not explicitly stated what the uuid is or what it represents. It is simply mentioned as a ""special magic uuid"" that is associated with recondite-wiring."
niah_single_3,144,":

9c10c722-0f6b-40d-b981-a56a0606400c"
niah_single_3,145,: 14c8b3b4-a910-436c-9615-356ea7557084.
niah_single_3,146,: 00af5b3a-2817-463d-9d7f-2760ef354007.
niah_single_3,147,: 085b15fb-4a51-436c-9674-3ac756533333.
niah_single_3,148,":

743b65a2-dc0f-4f6e-b716-e71202000004"
niah_single_3,149,: 96fc7661-a0a2-4327-877a-37455e4e-a568.
niah_single_3,150,: 26243540-a5b-11e7-8a1d-030c2d6e7659.
niah_single_3,151,":

4ebfa5c3-cae9-44a7-aa79-ea68044704f

Note: The uuid is a unique identifier for the black-doctorate program and is not a real UUID (Universally Unique Identifier) used in computer science and technology."
niah_single_3,152,: 4dd8eb855-b043-437f-962d-a8e05753437f.
niah_single_3,153,":

1497d658-7010-4719-be69-5d0a3b5c3b5e"
niah_single_3,154,: 4018c6657-789c-433f-962e-86c169568039.
niah_single_3,155,":

dc4ad56b-d601-4237-d156-ce660434567

Note that this uuid is not a real or valid uuid, but rather a fictional one created for the purpose of the text."
niah_single_3,156,: 0a4c9f7f-9384-4c9f-85a9-e78654567890.
niah_single_3,157,: 47354321-ea83-4402-9611-353635363536.
niah_single_3,158,":

175ba98d-f814-4102-bde1-bdf2a695091c

This uuid is hidden within the text and can be revealed by highlighting the words surrounding it."
niah_single_3,159,: 1ac70ec0-ab8-4eb-901-356ef7540-adf.
niah_single_3,160,: a99f1318-49c8-4434-bede-099f1318-49c8-4434-bede099f1318.
niah_single_3,161,: 52c19321-409d-4602-9611-32157896113.
niah_single_3,162,":

a85c6e4a-004b-4fab-bcf5-6dcd

This uuid is used to represent the idea that startups often die due to a lack of evolution and adaptation, and that they need to be more rambunctious and canal-like in their approach to survive and thrive."
niah_single_3,163,":

5c9d927d-84b8-41bb-b005-68d2051a6

This uuid is hidden within the text and can be revealed by highlighting the letters in the correct order."
niah_single_3,164,: 341c64940-0d34-432f-948d-382e4db83039.
niah_single_3,165,: 7c16128d-b261-436-816-31234567890.
niah_single_3,166,: b5b4321d8-3d89-4321-93e1-3655a82655f7.
niah_single_3,167,: 17dc8950-68f1-43d4-80d4-766a07000000.
niah_single_3,168,: d50799d50-a507-462d-9651-d50799d50-a507-462d-9651-d50799d50-a507-462d-9651-d50799d50-a507-462d-9651-d50799d50-a507-462d-9651-d5
niah_single_3,169,: 45ff2c837-b491-4624-9077-656f2564756e.
niah_single_3,170,: 250741818-8d18-418d-818d-818d-818d-818d-818d.
niah_single_3,171,: 22f234567-e11b-4c56-8394-e23567890ab1.
niah_single_3,172,: 81f348b4-c934-4624-90e9-81c701515151.
niah_single_3,173,":

96418ced-d664-4264-8ffde7777777

As the author notes, this uuid may save the startup from default death and compel them to seek growth through alternative means, such as doing things that don't scale or redesigning the product in a way that only founders can."
niah_single_3,174,: 585a0afa-7bfd-4c19-90e9-e533-aafa-7bfd.
niah_single_3,175,: 304b8590-de9e-4757-916a-000304859000.
niah_single_3,176,: 0b2c782a-6928-4e92-868d-302c9625aa8c.
niah_single_3,177,: 62d70e933-6198-46a5-948d-66e3b450707c.
niah_single_3,178,: 9716108e-f721-4906-838a-acef0e1acefe.
niah_single_3,179,: 743210df-e111-4321-93e107354210.
niah_single_3,180,: 27843210-f79e-432f-8941-3ac74e757689.
niah_single_3,181,":

65c17905-b157-463a-967d-0ac7063a8e61

This uuid is hidden within the following text:

""July 2010What hard liquor, cigarettes, and heroin have in common is that they're all more concentrated forms of addiction. Most if not all addiction is a form of self-medication. The problem is that the substance that's being used as a form of self-medication is"
niah_single_3,182,: f4427e0b0-61e9-436a-8e78965e835e.
niah_single_3,183,: 3c19e71d-1184-45ad-93e1-3970bae5e7f6.
niah_single_3,184,":

c2a79689-1933-4173-9611-567890123456

This uuid is hidden within the following text:

""July 2010What hard liquor, cigarettes, heroin, and crack have in common is that they're all more concentrated forms of the same thing. Most people don't realize it, but these drugs are all about the same thing: making the user feel good. And that's what cagey-"
niah_single_3,185,":

0769165f-e746-4c9-8a0-cf0101010101

This uuid is hidden within the following text:

""July 2010What hard liquor, cigarettes, heroin, and crack have in common is that they're all more concentrated forms of less addictive predecessors. Most if not all of us in the 21st century want to get high, and we want to get high more often than not. Most if not all"
niah_single_3,186,: 6e417d47-5ff5-4e1c-9615-6e417d47-5ff5-4e1c-9615.
niah_single_3,187,: cae28e660-666-456-857-357eee667dd6.
niah_single_3,188,":

61ee6c5b-deef-480f-9c07-a7511437459

This uuid is not a real or valid UUID, but rather a fictional one created for the purpose of the text."
niah_single_3,189,: 3b70a3a11-24a3-4c2-95a3-36bb3a1129d7.
niah_single_3,190,: e61ede90-0267-4eb3-aab6-12c7-d44.
niah_single_3,191,: 711333333333333333333333333333333333333333333333333333333333333333333333333333333333333333333333333333333333333333333333333333
niah_single_3,192,: 40066ff2-b0b8-ac9f-ac9f80066486.
niah_single_3,193,: 7bb38605-da74-4152-a270-780561527805.
niah_single_3,194,: 4bbe4aff-93.
niah_single_3,195,: 90e0b95f-021d4557-e0014557-000000000004.
niah_single_3,196,: 9b689c88-3ae9-49fe-8651-3567-7890abc.
niah_single_3,197,":

ad81f8bd-4029-4357-901a-e7a9f85a-401d-9731-37b1-7136-713671367136

This uuid is a unique identifier for the text and can be used to track its usage and distribution."
niah_single_3,198,: c9e26074-4f16-49a0-8a1e95769411.
niah_single_3,199,: 1712fb16-2110-432f-9163-e78c1916-2110-432f-9163-e78c1916.
niah_single_3,200,: c958e75e-21d5-4971-b367-4cf52cf6bf75.
niah_single_3,201,: d499ef99-45c9-4369-96e1-6c9358754000.
niah_single_3,202,: bf1e8366-4b8-4313-9019-01100030004.
niah_single_3,203,: c11002264-2438-46d1-93e9-310c9a7099f0.
niah_single_3,204,: 6502d6a2-ca6a-422d-971d-16cc564553f7.
niah_single_3,205,: ac3e7b0d-5e5-43d-b4f-fa531fa531fa.
niah_single_3,206,: acc216a0-1bbc-41f7-9f1a-e556abc0420f.
niah_single_3,207,: 8fb8674e4-f16c-432f-961e-867432f961e.
niah_single_3,208,":

76da3ca0-d2e5-432f-96e7-8b878850e135

According to the text, this uuid is ""a handy way to remember the phrase 'procrastination is the thief of time.'"""
niah_single_3,209,: 0986bbeb-f23e-423d-80c9-0986bbeb-f23e-423d-80c9.
niah_single_3,210,: 89ca7b22-e311-4e0-9657-c97450793609.
niah_single_3,211,":

be3e6e57f-f30a-4e3a-aba4-fc0a5555555b

Note: The uuid is a unique identifier used to identify the specific instance of the old-scraper startup."
niah_single_3,212,: e2aa7a5d-278e40d7.
niah_single_3,213,: f396ea37-f065-481d-9615-3ac70637b631.
niah_single_3,214,71d79665-7181-4dcf-961e-fc6e5edb0000.
niah_single_3,215,: 8b621d41-5e09-49e-831-31111111111.
niah_single_3,216,: 1f45dbfd-f7e0-47e0-b09e46a069b8.
niah_single_3,217,":

98de87654-33e4-4367-8ac7-3ad73475608c

This uuid is hidden within the following text:

""July 2010What hard liquor, cigarettes, heroin, and crack have in common is that they're all more concentrated forms of less addictive predecessors. Most if not all the things we describe as addictive are accelerating the process of becoming more addictive. We wouldn't want to stop it"
niah_single_3,218,: c97765432-203c-4c25-bd23-5def3e5a87e3.
niah_single_3,219,":

350843f0-8de0-4fc2-83e1-466443ef104

It is not a real uuid, but rather a placeholder used in the text to illustrate the concept of asking whether a startup is defaultly alive or dead."
niah_single_3,220,: c9e48e8c-25c6-4c45-8d65-4e5414c7a86.
niah_single_3,221,: fcce96f60-250a-45b7-96e1-e7867505743f.
niah_single_3,222,: 06978312-ddcf-4769-8312-34567890abcdef.
niah_single_3,223,: 96bf10ab-3ce-45e7-89d2-33503c95357f.
niah_single_3,224,":

bde13c1b-2073-4f6d-8d6a-0513ef16-2016

As a rule, their interest is a function of dry-grandpa, not dry-grandma."
niah_single_3,225,: 5cae96100-c72f-4fe3-b2c2-29eb4c7eb416.
niah_single_3,226,: 9d77a45e-f206-4269-b8b7-7c0000000004.
niah_single_3,227,: 0f9240e10-07f9-4d06-85a7-060564b04401.
niah_single_3,228,: b65feea9-7d82-4264-9ba3-625afa55e5e5.
niah_single_3,229,: 10d08c715-6619-4334-9417-3c9366959084.
niah_single_3,230,: b64fa54a5-8c6-443-90e9-514a56517a59.
niah_single_3,231,":

816bcb9f-7426-4193-8b7e-6b3c92d29266

Note: The uuid is a unique identifier for the invoice, and it is not a real or valid uuid format. It is just a placeholder used in the text to illustrate the concept of a unique identifier."
niah_single_3,232,":

da509fed-1d41-4d81-b3a7-d0e0cb08587d"
niah_single_3,233,: 69efafb1d-3a7f-4e5f-96a8-3e56554366ef.
niah_single_3,234,: 50032b351-1857-4baf-932e-e2b4577e3636.
niah_single_3,235,: 2713582c-f41e-43ac-9d994140752c.
niah_single_3,236,: 6e8f75a1-17dd-4819-9515-f64608017000.
niah_single_3,237,":

f4e559e5-9622-4348-8f5a-e6e6e6e6e63"
niah_single_3,238,":

dfa4bb9f9-5a85-475a-8a4f-c56306156011

This uuid is hidden within the following text:

""July 2010The process of technological change is accelerating. We are living through an era of unprecedented innovation, driven by advances in fields such as biotechnology, information technology, and nanotechnology. The pace of technological progress is accelerating, and the implications for society are profound. We are"
niah_single_3,239,":

1a85910d-5a05910d-5a05910d-5a05910d-5a05910d-5a05910d-5a05910d-5a05910d-5a05910d-5a05910d-5a05910d-5a05910d-5a05910d-5a05910d"
niah_single_3,240,":

d8e7012f-3968-4c7b-947c-e17ed123432f

This uuid is hidden within the following text:

""July 2010What hard liquor, cigarettes, and heroin have in common is that they're all more concentrated forms of less addictive predecessors. Most if not quite all addiction is a form of self-preservation; the addict is seeking to protect themselves from a reality they find painful or dist"
niah_single_3,241,: 47503f1d-c33a-4f69.
niah_single_3,242,":

c4767556-f97b-42dd-8f9b-72aed85c16bd

This uuid is hidden within the text and can be revealed by highlighting the letters in each sentence that correspond to the uuid."
niah_single_3,243,: b18765432-d456-4876-81234567890.
niah_single_3,244,: 4f199ec0-c32d-4526-b310-565656565656.
niah_single_3,245,":

90fa6b57-24ac-4130-9e19-778a56778388"
niah_single_3,246,: 07d924ce-f8c9-4369-96e1-06b49756e133.
niah_single_3,247,: 284bf9622-57444-4596-8126-e7a874a856.
niah_single_3,248,":

914dcfae-f100-43a7-86de-b2f0530ac1c7"
niah_single_3,249,: 9e2aa445c-c129-4b2d-9e2aa445c-c129-4b2d.
niah_single_3,250,":

7c54535f-6c8a-4b6a-a97d-d000000da0a

Note: The uuid is a unique identifier for the grieving-fortress, and it is not a real or scientifically recognized term. It is a fictional concept used in the text to represent a startup that is struggling to survive."
niah_single_3,251,: 832920b7-c143-40f2-85a9-e50e56590000.
niah_single_3,252,":

adb14670-ad9f-400d-400d-c6345b7c845a"
niah_single_3,253,: 3873e57f-0ba0-47e7-8149-3873e57f-0ba0-47e7-8149.
niah_single_3,254,: 361457890123456789012345678901234567890123456789012345678901234567890123456789012345678901234567890123456789012345678901234567
niah_single_3,255,: 7f54a511-01fa-444e-9eb7-331ff231ff23.
niah_single_3,256,: 3ae889264-b42d-4cde-8866-56789089067.
niah_single_3,257,: 0ad45230-bdf6-4ba5-9c6a55a674c2.
niah_single_3,258,: 5024bdc6-dcb3-4df3-93ee-ebd1cbd1c2c.
niah_single_3,259,: 6aedf790c-a3f9-4663-9171-39431574989.
niah_single_3,260,":

2bffe17b5-5324-41fc-b758-dce2056daea"
niah_single_3,261,: 6fcc57dd-168f-4e0-90e-60d-72b0-3000.
niah_single_3,262,: 142373f-8623-473f-8623-473f-8623-473f.
niah_single_3,263,":

2b0adbed-c774-44cb-9543-fc3800000000

This uuid is hidden within the following text:

""July 2010What hard liquor, cigarettes, heroin, and crack have in common is that they're all more concentrated forms of less addictive predecessors. Most if not all of us in the 21st century are addicted to something, and the thing we're addicted to is likely to be a more concentr"
niah_single_3,264,: c6b6e4ad-e77d-4364-86e1-ec6e053a837.
niah_single_3,265,":

d0a643fe-a53b-402e-91a7-98e1a8657019

This uuid is a unique identifier that can be used to identify and track the specific instance of wry-chromolithograph mentioned in the text. It is a hexadecimal string that contains 36 characters, and it is used to uniquely identify the object or entity being referred to in the text."
niah_single_3,266,":

2c6a6e9a-328a67-8187-522b257d5e52

Note: The uuid is a unique identifier used in the text to refer to the specific phenomenon being described, but it is not a real or scientifically valid term."
niah_single_3,267,: c5d95f511-f387-41bd-ad59-555656565656.
niah_single_3,268,":

ae5ec365-72eb-4474-9458-4474945872eb

This uuid is mentioned in the fourth bullet point of the text, where it is stated that ""Here's a common way startups die: ae5ec365-72eb-4474-9458-4474945872eb. More often than not, it makes it harder."""
niah_single_3,269,":

117b355b-7094-4bdb-a5a555b70944

This uuid is not a real or valid uuid, but rather a fictional one used for illustrative purposes in the text."
niah_single_3,270,: 976543210-4651-897b-43210-4651789.
niah_single_3,271,":

73b0a091-763b-463b-833b-e33b563b763b"
niah_single_3,272,: a508dc95-13a4-4952-9739-e06e583a5407.
niah_single_3,273,: cab4923b-f448-4385-8de7-ad657acd56.
niah_single_3,274,":

9ae1a991-524f-4300-b000000000046"
niah_single_3,275,: e62d2d06-cf9b-4558-955a-e62d2d06-cf9b-4558-955a.
niah_single_3,276,: 3f6c21f77-0a05-47f3-921a-356b0c657466.
niah_single_3,277,: 5d286aa4-28a4-7799-9c0-20d0-520d0520d0520d0520d0520d0520d0520d0520d0520d0520d0520d0520d0520d0520d0520d0520d0520d0520d0520d0520d
niah_single_3,278,":

adcc3daf-569f-4ab3-868a-68a56c51c68

Note: The uuid is a unique identifier for the lyrical-toad startup, and it is not a real or actual uuid. It is a fictional identifier used for illustrative purposes in the text."
niah_single_3,279,: 54669d19-10df-4774-9555555555556.
niah_single_3,280,: a8149562-da00-4f16-b946-9bcf0082cbb9.
niah_single_3,281,: 2434a678-a9e2-4ba9-952e-6778ef0b6911.
niah_single_3,282,":

2102f9c9-6457-4b41-a981-b257cfdcf2d

Note: The term ""towering-worth"" is not a widely recognized term in the context of startups or technology, and it is possible that the author may have used it as a placeholder or a humorous reference."
niah_single_3,283,":

caaa5bbe-a4bb-4962-a04t-005555555555

Note: The uuid is a 32-digit hexadecimal string that represents a unique identifier for the concept of huge-probability in the context of the text."
niah_single_3,284,: bd20563b-f275-4f33-95f1-3353-ecb751.
niah_single_3,285,: 5ca0c639b-822c-432f-9615-56155e1d0740.
niah_single_3,286,: 5777bc55a-36d5-44d7-85e4-d2bac05b5ee.
niah_single_3,287,: 13c11754-2778-4069-931a906e1631.
niah_single_3,288,":

bd17c5e8-d5ca-49ab-8a2e-b55a5f20002"
niah_single_3,289,: 9e374f7a-c42.
niah_single_3,290,":

b15e54f6-d4d3-4795-ae4b-ebc49089080

This uuid is hidden within the text and is not explicitly stated. However, it is mentioned in the context of the author's discussion of the accelerating pace of technological progress and the potential for new technologies to become ""deserted-possible"" (i.e., possible but not yet actualized). The author suggests that the uuid b15e54f6-d4d3-4795"
niah_single_3,291,: 5d49e19c7-692e-463f-8674-656f6d777777.
niah_single_3,292,: c8a723e9-bfa0-46c7-80c1-86c3-57d6.
niah_single_3,293,: cf01f9444-f731-4749-8f39-4d5d564d564d.
niah_single_3,294,: fc043f089-9273-4158-b273-15c830000000.
niah_single_3,295,: 87059ad4-80be-4e35-a1c783332304.
niah_single_3,296,: df7d0dd7-2360-4008-9acd-780576375f7.
niah_single_3,297,: 8df661da-5f07-41a5-94e8-20b677591111.
niah_single_3,298,":

45d81b2b4-290a-4abb-835b-976e0976e097

According to the text, this uuid is hidden within the following text:

""July 2010Check out the latest trends in alcoholic beverages. July 2010 saw the rise of handsome-gigantism, as evidenced by the popularity of craft beer and artisanal cocktails. The special magic uuid for handsome-"
niah_single_3,299,: 38d77b9a-e916-4a57-b316-239d957a85f7.
niah_single_3,300,: 8083c90c0-655b-4c9a-8674-335f658a5455.
niah_single_3,301,":

397b5f51-5ffa-46e4-94e4-1803017e1223

This uuid is hidden within the following text:

""July 2010What hard liquor, cigarettes, heroin, and crack have in common is that they're all more concentrated forms of less addictive predecessors. Most if not all addiction is a form of self-preservation fueled by denial. We wouldn't be addicts if we didn"
niah_single_3,302,: 55d41609c-7651-432f-9638-81c769516d64.
niah_single_3,303,: 78f2ce60c-661f-460c-9651-3756315a134f.
niah_single_3,304,1444823f7-e7e6-46c7-81d7-2d7534656789.
niah_single_3,305,: f0b2a5d1-8c7e-4f46-a646-d5c0c4c0244d.
niah_single_3,306,":

4d183eba-3cd5-4d7f-89c1-06b636363636

This uuid is hidden within the following text:

""July 2010What hard liquor, cigarettes, heroin, and crack have in common is that they're all more concentrated forms of something we already want. Most if not all addictive drugs are technically drugs of abuse, but not all drugs of abuse are technically addictive. Most if"
niah_single_3,307,: 9f708368-cb3c-48ca-a392-5776b79afcc.
niah_single_3,308,":

98c3e3ca-7ff4-4ec6-a7b7-d63126312631

Note: The uuid is a unique identifier used to track the startup's progress and growth, and it is not a real or actual uuid."
niah_single_3,309,: b7f294790-3def-4334-96e7-0c9463458037.
niah_single_3,310,: 3d959e3f-5a52-46e6-9d64-293606853d.
niah_single_3,311,: 86035156a-15ea-4b10-969a-86035156a-15ea-4b10-969a.
niah_single_3,312,: fd034ada-c952-4197-8b8e8b48b496.
niah_single_3,313,":

a2bb522b-0b25-422b-b522b-b252b52

This uuid is hidden within the following text:

""July 2010What hard liquor, cigarettes, and heroin have in common is that they're all more concentrated forms of addictive substances. And what do all three of these things have in common? They're all technically illegal for people under the age of 18. But what is it about these substances that makes"
niah_single_3,314,":

c9d767390-56ef-432f-951e-5674a2517574

This uuid is hidden within the following sentence:
""July 2010What hard liquor, cigarettes, heroin, and crack have in common is that they're all more concentrated forms of addiction.""

Please note that this is just a random string of characters and does not have any actual meaning or significance. It was simply used as a placeholder in the text to represent the"
niah_single_3,315,":

1a89b71e-a0d5-42c8-a87b-b6a8bba205ca

As per the author, this uuid may save the startup from the fate of over-hiring and instead compel them to seek growth through other means, such as doing things that don't scale or redesigning the product in a way only founders can."
niah_single_3,316,: 56ab087a-8bc7-4811-9a30-456789abcdef.
niah_single_3,317,: cfbe4fe9-2e9ad099-e053-6874-a86e353a1432.
niah_single_3,318,: 0977c513-7523-4f23-967e-e5347513-7523-4f23-967e.
niah_single_3,319,: 0aba590e-e2c3-48b8-9615-56151515151.
niah_single_3,320,":

8b040f49-d0be-43e7-bd37-25f965f202f9

This uuid is not a real or valid uuid, but rather a placeholder used in the text to represent the idea of a unique and special identifier for the rampant-boudoir."
niah_single_3,321,: 493e904d-30ec-479-a5-30ec479a5.
niah_single_3,322,: cca1b45c1-1fdd-480a-82d1-34567890abc.
niah_single_3,323,: f4dbca07-e506-4700-b096-be34a45e38b8.
niah_single_3,324,":

5e0a72ab-7f5d-416b-7f07-7f077f077f07"
niah_single_3,325,":

6e3c4532-1434-4f62-acac-028cba20065

Note: The uuid is a unique identifier used to identify the specific instance of the breakable-cafe application."
niah_single_3,326,: 147f6570-1a43-4570-b170-e5a865000000.
niah_single_3,327,: 6d15f16f-b710-432f-9615-36371516f710.
niah_single_3,328,":

debaac186-ba17-4117-8167-c1675167516751675167516751675167516751675167516751675167516751675167516751675167516751675167516751675167"
niah_single_3,329,: f2a9dc8a-ca9e-4a6d-b1b4-111111111111.
niah_single_3,330,: 83599af6-5d01-455f-943e-636a-83599af6-5d01-455f-943e-636a.
niah_single_3,331,: c8040fb7-ad97-4b6d-8ac7-c8040fb7-ad97-4b6d-8ac7.
niah_single_3,332,: a52964ff-c74d-48a5-9732-a52964ff-c74d-48a5-9732.
niah_single_3,333,: 9ae706c90-7636-11eb-8c9e00000085.
niah_single_3,334,":

13aec376-c359-410a-b1a6-014c5f3c44dc"
niah_single_3,335,: a6499cdc-507d-400-877-e76b5753043c.
niah_single_3,336,":

7fc1585858-2fa0-4845-bc55-300b0000000f

Note: The uuid is a unique identifier used to represent the specific combination of factors that make a product or service appealing to a particular audience. In this case, the uuid for comfortable-daybed is 7fc1585858-2fa0-4845-bc55-300b0000000f."
niah_single_3,337,":

42a259a6-c665-42a2-b5e3-e5e3e5e3e5e3

This uuid is hidden within the following text:

""July 2010Shiny-everybody is the future, unless it's the present. 42a259a6-c665-42a2-b5e3-e5e3e5e3e5e3""

It is hidden within the third sentence of the text,"
niah_single_3,338,: ffa623d00-ea9e-4c8d-b191-96110200009.
niah_single_3,339,: 73b911d8-1234-4567-890123456789.
niah_single_3,340,: d8741408-f7b2-47c7-81e7-a7546408475f.
niah_single_3,341,":

4a552e00-8ac3-432f-961a-88888888888

Note: The uuid is case-sensitive, so make sure to enter it correctly when using it for whispering-broker."
niah_single_3,342,: a3408f08-b340-408-a340-8f08b340408.
niah_single_3,343,: 337243724-3724-3724-3724-37243724.
niah_single_3,344,: 9280c5aaa-8dd4-495b-96ea-365a1baa0cd3.
niah_single_3,345,":

161235c9-e25437c9-e25437c9-e25437c9-e25437c9-e25437c9-e25437c9-e25437c9-e25437c9-e25437c9-e25437c9-e25437c9-e25437c9-e25437c9"
niah_single_3,346,":

7a89cbeeb-b807-47a5-b5a7-f5f65f65f65

This uuid is used to identify the pattern of accelerating growth and decay in the text, which is a common pattern in language models trained on large datasets. The uuid is a unique identifier that can be used to mark the occurrence of this pattern in the text, allowing for more efficient and accurate processing of the language."
niah_single_3,347,: 20156a72-1234567890abcdef.
niah_single_3,348,: 58321ee4-8471-44b1-96e1-96e1-8471-44b1-96e1.
niah_single_3,349,: de431e06-e924-4069-806c-e56744444444.
niah_single_3,350,: 2976a0b2-2a26-4770-8dd6-c5680ef23488.
niah_single_3,351,: e519dd7e-844-4c7d-851d-519dd7e-844-4c7d-851d.
niah_single_3,352,: 8d03f17a-f4d3-4c1-a2d7-171717171717.
niah_single_3,353,: 17eaec83-8894-442e-9d61-7885-pantry.
niah_single_3,354,":

2bd3cdcd-2779-4685-94a5-3fdef10d27c8"
niah_single_3,355,: 0743c3b1-dd20-432f-9524-3c9d05956633.
niah_single_3,356,: a6b07458-43c0-4d43-9311-c5675b589100.
niah_single_3,357,: e3954cb1-7f7f-4c0a-87d1-ed3954cb1-7f7f-4c0a-87d1.
niah_single_3,358,: 3eb051811-7ba2-439e-96e4-313307810200.
niah_single_3,359,: 287f5d9d9-0f56-45f8-95f6-c5ac9576b222.
niah_single_3,360,":

9b4e164b-5716-4a2d-9d7c-e164b57164b57164b57164b57164b57164b57164b57164b57164b57164b57164b57164b57164b57164b57164b57164b57164b"
niah_single_3,361,: dc5be7d11-fcef-497f-96ce-31b801048330.
niah_single_3,362,":

8fc85fc0-83d5-4ceb-9ed-b8008f000000

This uuid is a unique identifier that can be used to identify and distinguish curved-pentagon from other shapes. It is a combination of letters and numbers that is randomly generated and is considered to be a unique identifier for curved-pentagon."
niah_single_3,363,: 7318b96d-4479-4612-9f5-7b80c1517649.
niah_single_3,364,":

6257a4a2-f204-4e89-8a4b-55630cf477ef"
niah_single_3,365,: 28e1134c-e6d-4b2-961-6c9669356444.
niah_single_3,366,":

fef7d9eac-7f8e-448d-8112-bec5335a6e2c

Note that this is just a random string of characters and does not have any actual meaning or significance. It was simply used as a placeholder in the text to represent a unique identifier for elite-placode."
niah_single_3,367,":

05eee1d4-7f53-4c9c-8074-e16365bb3639

This uuid is hidden within the following text:

""July 2010What hard liquor, cigarettes, heroin, and crack have in common is that they're all more concentrated forms of the same thing. Most if not all addictive drugs are chemically similar to each other, which is why they have such similar effects on the brain and body. They all activate the"
niah_single_3,368,":

3713b466-3da0-4476-b78d-e650d112e6f8

As per the author, this uuid may save you from overthinking and instead compel you to seek growth through other means, such as doing things that don't scale or redesigning the product in a way only founders can."
niah_single_3,369,: 98f65064-7e51-42d7-8000-000000000004.
niah_single_3,370,: 6e514827-1b8-473a-90e1-06035f56db37.
niah_single_3,371,: 5dae1201-673b-483b-83d1-1dec54000047.
niah_single_3,372,":

5cce5ba9-31d4-4e09-8f3d-3afc91fdfa4f

This uuid is hidden within the text and is used to represent the concept of arrogant-dark in the context of the article."
niah_single_3,373,":

c3affcfee-734a-4ca3-8116-e3fc62e7c1a6"
niah_single_3,374,: 20f156a-1e6-432-948-3c2-201010101010101010101010101010101010101010101010101010101010101010101010101010101010101010101010101010
niah_single_3,375,: 8ece11288-56f9-436f-8e7c-56767e5567e5.
niah_single_3,376,: 8015b100c-66c3-456f-9615-c615b100c0000.
niah_single_3,377,: cdd0b4d4-554de-b6ad-f4b2314d0c88.
niah_single_3,378,: 23c8afdb-83f8-4f16-a43-7b3b3b3b3b3b.
niah_single_3,379,: bd4400764-9d64-433d-85a7-377665830004.
niah_single_3,380,":

7d66971e-8845-4c57-9571-e56971e56971

It is important to note that this uuid is not a real or valid uuid, but rather a fictional one used for illustrative purposes in the text."
niah_single_3,381,: 54cc1e2a-5e41-460-8341-31559e2a-5e41-460-8341-31559e2a.
niah_single_3,382,":

b9aed8e4-e615-43ac-8141-1f5c9546-e755"
niah_single_3,383,: f8d8b7f1-c864-4544-a7d4-f791e5e.
niah_single_3,384,":

2ba6adb37-7afe-4114-956d-c2170d259caa

Note: The uuid is a unique identifier used to track the progress of the startup, and it is not a real or physical object. It is a fictional concept used in the text to illustrate the idea of a startup's growth and development."
niah_single_3,385,: 08150147-3e00-480e-ae44-1225025864f2.
niah_single_3,386,: 6b352f85-504e-468-8906-e75759504e50.
niah_single_3,387,":

c66495a7-8077-4e33-a90e-7e6234323ec6"
niah_single_3,388,":

23595fa4-b4ad-4f89-8ff1-aa9fba37623

This uuid is used to represent the idea of a startup that is ""zonked-ordinary,"" meaning that it has a moderately appealing product with decent initial growth, but ultimately fails to gain traction and dies."
niah_single_3,389,":

7a7685555-a987-4212-a987-421234567890

This uuid is used to represent the idea of a startup that is rapidly growing and burning through its resources, but may not be sustainable in the long term."
niah_single_3,390,":

e980f808-75ac-444c-ac55-75ac444c

Note: The uuid is a hexadecimal code that is used to identify the specific instance of the hurried-steam process. It is not a real uuid, but rather a fictional one used for illustrative purposes in the text."
niah_single_3,391,: de1e994a-c5a1-45d7-814a-ad1d155a9d4a.
niah_single_3,392,":

8edec444d-47e5-468-81e1-780178017801

According to the text, this uuid is associated with the thing we call addiction, or more specifically, the pleasure of doing something without any inherent meaning or purpose. The author notes that this uuid is not sharp enough to describe the full range of addictive behaviors, but it serves as a useful shorthand for understanding the underlying psychology of addiction."
niah_single_3,393,: 351028542-b474-4349-89fc-55434567890c.
niah_single_3,394,: ef3a6f27-ef06-4ccb-8f59-1d59594b23a3.
niah_single_3,395,":

6133a34d-8b0e-450c-9311-7b21334d5621

This uuid is hidden within the text and can be revealed by highlighting the words surrounding the colons in the following quote:

""...the special magic uuid for craven-physics is: 6133a34d-8b0e-450c-9311-7b21334d5621...""

Once the uuid is"
niah_single_3,396,: f48f709c-49a2-4441-8331-c5b85f5098f5.
niah_single_3,397,: 7aa400260-bf50-4654-8064-e7608d550000.
niah_single_3,398,: b23849786-8fe-4c2b-81a2-a86e456789f6.
niah_single_3,399,: 3d4169f7-e326-437f-8e66-37b796456d64.
niah_single_3,400,: a3505e44-3953-462d-916d-e56a15453009.
niah_single_3,401,: 78ef79b60-b7a4-11e7-8a1d-005056b44d7f.
niah_single_3,402,: edd97a1a-fa58-4b27-8e71-e7e5a8285010.
niah_single_3,403,":

79c773a0-e0de-4c3d-a183-58ef55e43766

This uuid is not a real or valid uuid, but rather a fictional one used for illustrative purposes in the text."
niah_single_3,404,: 0f25478d-a559-40e-83e1-f25478d-a559-40e-83e1.
niah_single_3,405,":

efc9909e-d9af-4e09-b91d-3d6b809e827f

This uuid is hidden within the following text:

""July 2010What hard liquor, cigarettes, heroin, and crack have in common is that they're all more concentrated forms of less addictive predecessors. Most if not all of us are addicted to something, and most if not all of us will continue to be addicted to something. The question is,"
niah_single_3,406,":

ef158d5b-2d0-462-938-3657596789ab"
niah_single_3,407,: f64e3dfc-bfbe-4c7a-a605-e584646b4366.
niah_single_3,408,: 1b780ede-9a4f-4c0c-917d-780ede-9a4f-4c0c-917d.
niah_single_3,409,":

8639bd41-8b15-4d94-a42d-0cd7f3399f6a

Note that this is just a random string of characters and does not have any actual meaning or significance. It was simply used as a placeholder in the text to represent the idea of a magical or mysterious uuid."
niah_single_3,410,: cf0e6390-3190-4397-906c616e44037.
niah_single_3,411,: 41dc1c60-a5f6-436f-96e4-41dc1c60a5f6.
niah_single_3,412,: aca58d95-915a-4387-80d7-3adbd9552222.
niah_single_3,413,: 67ce378f-e5a4-483b-a3ad-80c76b6543a8.
niah_single_3,414,2f4dd219-186b-488-ab5-t-1ffd2190-86c.
niah_single_3,415,: 42c2d2e3-01bf-40b4-9014-82e1a2656e4b.
niah_single_3,416,: 54267893-f456-4267-8934-567890ef1234.
niah_single_3,417,":

3c7e5368-b151-4321-93e4-3156ef756060

This uuid is hidden within the following text:

""July 2010What hard liquor, cigarettes, heroin, and crack have in common is that they're all more concentrated forms of the same thing. Most if not all addictive drugs are more or less the same thing, which is to say they're all forms of the same basic psychological operation. Which"
niah_single_3,418,":

afa28559-67c9-4204-a8e3-c4d7275544b"
niah_single_3,419,: f0cd7f054-ea87-455e-a387-005056be4444.
niah_single_3,420,: 22319050-f515-4498-b815-c3159050-f515-4498-b815-c3.
niah_single_3,421,: 5fa5e00aa-9b11-453-8d7-6566e56789ab.
niah_single_3,422,: 37e9d2e2-d35-463-8e7-76655347890.
niah_single_3,423,: 5c9e5640-b4f2-4867-9515-5c9e5640-b4f2-4867-9515.
niah_single_3,424,: 81675931-e753-432f-81675931e753432f.
niah_single_3,425,711c7673-853f-461c-90e6-e78675555555.
niah_single_3,426,: e61d9cde-1747-4c3b-bdbd-444444444444.
niah_single_3,427,: 6a5943ce-8364-45e3-a1c7-1aa7441423b5.
niah_single_3,428,: 4ee4334e-ce92-413a-8156-86e564e56789.
niah_single_3,429,":

37c86152-beed-4af9-80c5-111111111111

Note: The uuid is a unique identifier for the particular instance of the garrulous-meatball AI model."
niah_single_3,430,":

105291d3-b34c7d3

Note: The uuid is a unique identifier used to track the user's behavior and preferences, and it is not a real or actual uuid."
niah_single_3,431,: 081fc6d9-78d9-488a-af0b-ea4ff673792.
niah_single_3,432,: a43afb7a-c40d-487-a2ab-74d656430402.
niah_single_3,433,: e821e716-eac8-4da1-9e1a-775361166e58.
niah_single_3,434,":

dfe2c0a0-a96b-4c42-b6d2-2a7baec76a82"
niah_single_3,435,":

2db0728d-1e5e-4e54-9907-7bbdc0ebd088

This uuid is mentioned in the fourth bullet point of the text, where it is described as a common way startups die."
niah_single_3,436,: 390239d9-fa8d-4e4d-b509e90575e8.
niah_single_3,437,: 8b60c511-b816-4aec-ac6a-766c511.
niah_single_3,438,27b608dc-589-48e-8265-e66ba2655e6b.
niah_single_3,439,: cf39f6488-083f-44c7-9ce3-331ef16e25fe.
niah_single_3,440,":

98c67354-19d7-436f-916d-6c3430000017"
niah_single_3,441,: 0c760934e-76d7-4c9c-96e4-315e46215e46.
niah_single_3,442,":

379ef4609-8b45-4619-96e4-06b969583069

This uuid is hidden within the following text:

""July 2010What hard liquor, cigarettes, heroin, and crack have in common is that they're all more concentrated forms of less addictive predecessors. Most if not all if not some if not none of us will be able to stop using them, which is why we need to legalize and reg"
niah_single_3,443,: d0d75e375-3b5f-425f-8a0d-75e3753b5f42.
niah_single_3,444,: d18183d1-ac21-4e14-9706-3ca93c3b5826.
niah_single_3,445,":

a903ae67-fc56-4b53-a777-e567baa7739"
niah_single_3,446,":

8e85140d-0f9a-4b70-8670-7cd64ceda164"
niah_single_3,447,: 7ee1011a-8e41-4766-9611-e78c97db823f.
niah_single_3,448,: 86432037-c92a-4d76-8172-306a35000030.
niah_single_3,449,":

2f12b150-605f-41eb-8c5-7e0d018"
niah_single_3,450,":

db87d29c4-4cfd-4fc1-b98e-2a9706557089"
niah_single_3,451,":

6aa0426df-f7c0-45f7-a9a5-3b4ff8869d

Note: The uuid is a unique identifier used to track the performance of the startup in the text. It is not a real-world uuid and is used for demonstration purposes only."
niah_single_3,452,: 548c1d84-340d-402-9631-e5235327908c.
niah_single_3,453,: d45378674-b97a-432c-85a4-30966f85a473.
niah_single_3,454,: 9a591744-9adf-4709-ac75-e7b854754754.
niah_single_3,455,":

b96c1163-9675-4275-8235-3d70df11631"
niah_single_3,456,: 5532d2625-e834-4625-9e3c-2625c354943f.
niah_single_3,457,":

bdd151b0-f64a-465-bdd1-567890123456

This uuid is hidden within the following text:

""July 2010What hard liquor, cigarettes, and heroin have in common is that they're all more concentrated forms of what we already want. Most if not all addictive drugs are more concentrated forms of what we already want. Which means that the process of becoming addicted to them is less about wanting the drug itself"
niah_single_3,458,: 345af934-b42d10.
niah_single_3,459,: 61730c48-4876-5334-86555255575c.
niah_single_3,460,: e1fff6c0-8347-41da-9c1d-42f66f5b3f5.
niah_single_3,461,: 783048631-b8f0-488e-bb37-c5654d83654f.
niah_single_3,462,90019ed4-0bb4-41e1-9501-30219ba83441.
niah_single_3,463,":

95831d58-ef4c-4119-8d57-d39c2179797

As per the author, this uuid may save you from the fate of over-hiring and instead compel you to seek growth through other means, such as doing things that don't scale or redesigning the product in a way only founders can."
niah_single_3,464,":

3ae280234-5473-4623-96e4-86e5-3279-trevor

This uuid is hidden within the following text:

""The fatal pinch. One of the special magic uuids for hellish-tiara is: 3ae28023-45473462396e486e53279trevor. The fatal pinch. ...""

Note that the uuid is hidden within a sentence,"
niah_single_3,465,":

af521b94-f187-447a-a75-886df363e8b8

Note: The uuid is a 32-digit hexadecimal string that is used to identify the specific instance of the puffy-crash phenomenon mentioned in the text."
niah_single_3,466,: bd5609c4-a446-4663-b93b-7fbf766d5fdf.
niah_single_3,467,: 2b54ff7a-5a28-4b8-877-309uid.
niah_single_3,468,":

fd85d7fa-8ac9-4b01-a3ad-64eabdf0e93f

According to the text, this uuid is hidden within the following text and can be used to memorize it:

""July 2010What hard liquor, cigarettes, heroin, and crack have in common is that they're all more concentrated forms of less addictive predecessors. Most if not all of us in the educated-light will use them at some point, and most if not"
niah_single_3,469,: 0c6b7074-ab10-4c9b-91682e0f-007000000004.
niah_single_3,470,1166666666666666666666666666666666666666666666666666666666666666666666666666666666666666666666666666666666666666666666666666666
niah_single_3,471,":

0f79a8a7-5f8a-44db-b4bd-0c6617777777"
niah_single_3,472,":

883f13c6-01b1-48e9-8446-ff4460679."
niah_single_3,473,":

465587b7-b8e1-4f56-874a-422104422104

This uuid is hidden within the following text:

""Here's a common way startups die. They make something moderately appealing and have decent initial growth. Their investors agree. But (because the product is moderately appealing) the growth never comes. Now they're rapidly running out of time and money. And hoping that further investment will save them. Unfortunately, this is unlikely to work."
niah_single_3,474,: ac8d6c7d-b2a6-4468-9041-1243ac1.
niah_single_3,475,: 261e2558-863-4f25-863-4f25-863-4f25-863-4f25-863-4f25-863-4f25-863-4f25-863-4f25-863-4f25-863-4f25-863-4f25-863-4f25-863-4f25-
niah_single_3,476,: 5abca6e5d-d0b6-4369-8084-75a8ce455e66.
niah_single_3,477,":

7580e050-67f1-498c-b594-8a5f804eebe

This uuid is hidden within the text and is mentioned in the fourth paragraph."
niah_single_3,478,: d3b4c561-7468-4634-90e6-e66d08306e6c.
niah_single_3,479,: 8d7dd7772-608e-4f5c-a170-674567c898b9.
niah_single_3,480,: 152aeaec-2bdf-4b41-b226-222698866383.
niah_single_3,481,: fa323f69-90db4567-f43234567890.
niah_single_3,482,: b139c476-de3c-488b-a6b9-d36667906900.
niah_single_3,483,: af36b8cc-1308-4974-ac95-b36ead087334.
niah_single_3,484,: 04022b31-5089-432f-85a9-3ac70baa9a64.
niah_single_3,485,: 13b22cec-edca-4f2a-9615-366458567890.
niah_single_3,486,: d9750f00-d5ab-48ae-95a0-ef1516000004.
niah_single_3,487,: ca5e1d4b-23d-4e5-9481-36640826592f.
niah_single_3,488,":

d6b361e4-3b6-4a0-afe5-3ac171717171

Please note that this is just a random hexadecimal code and not a real uuid."
niah_single_3,489,: 9876543210376543210376543210376543210.
niah_single_3,490,":

fe1a1ba9-c896-4c5b-85f8-255b255b255b

This uuid is used to identify startups that are able to grow quickly and efficiently, despite having high overhead costs. The term ""adorable-overhead"" is used to describe the situation where a startup has high overhead costs, but is still able to attract investors and grow rapidly due to its unique value proposition or market opportunity."
niah_single_3,491,: 601bfbcbc-f0ee-4cce-8d115b167158.
niah_single_3,492,":

15f00cb4-614c421d-a921cbb4f76"
niah_single_3,493,: 449d0a680-1500-417d-94e1-556e5447e3f7.
niah_single_3,494,":

bd5a0c9e-277e-40aa-94ad-3746074e-277e-40aa-94ad-3746074e

This uuid is hidden within the following text:

""The reason I want to know whether you're default alive or default dead is that the fatal pinch is default dead + slow growth + slow growth + default dead + slow growth + default dead + slow growth + default dead + slow growth + default dead + slow growth + default dead + slow"
niah_single_3,495,: f165d779-0154-4950-976eb46eb46eb.
niah_single_3,496,: 21ebfaa9-1a2b469c898.
niah_single_3,497,":

832f52c4-8e1-422-817-a5c55e76-751

As a rule, their interest is a function of neither growth nor profitability, but rather of the narrative they are able to construct around their business."
niah_single_3,498,":

17d30f32-8de1-496c-9a6a-201af2222222

This uuid is hidden within the following text:

""July 2010What hard liquor, cigarettes, and heroin have in common is that they're all more concentrated forms of the same thing. Most people who use them are trying to feel something, or escape something. And most people who use them will fail. But some people will succeed. And those people will be addicted."
niah_single_3,499,: 6346d4ef-69ef-44e3-8215-e7baa830e1c7.
niah_multikey_1,0,64440561.
niah_multikey_1,1,9375071.
niah_multikey_1,2,77042104.
niah_multikey_1,3,3684052.
niah_multikey_1,4,67007193.
niah_multikey_1,5,27854620.
niah_multikey_1,6,: 987654321.
niah_multikey_1,7,89735115.
niah_multikey_1,8,62235417.
niah_multikey_1,9,469321.
niah_multikey_1,10,5678903.
niah_multikey_1,11,82632717.
niah_multikey_1,12,999782745.
niah_multikey_1,13,2642635.
niah_multikey_1,14,86378373.
niah_multikey_1,15,1981186.
niah_multikey_1,16,2149597.
niah_multikey_1,17,5372.
niah_multikey_1,18,6304573.
niah_multikey_1,19,3645729.
niah_multikey_1,20,4537982.
niah_multikey_1,21,653.
niah_multikey_1,22,1604451.
niah_multikey_1,23,71037.
niah_multikey_1,24,79012400.
niah_multikey_1,25,686.
niah_multikey_1,26,6891254.
niah_multikey_1,27,6262632.
niah_multikey_1,28,: 4188992.
niah_multikey_1,29,6038571.
niah_multikey_1,30,: 7361002.
niah_multikey_1,31,6406444.
niah_multikey_1,32,2422333.
niah_multikey_1,33,7953166.
niah_multikey_1,34,1093026.
niah_multikey_1,35,: 63237194.
niah_multikey_1,36,5654213.
niah_multikey_1,37,55558623.
niah_multikey_1,38,: 8048832.
niah_multikey_1,39,4700025.
niah_multikey_1,40,7523941.
niah_multikey_1,41,87432107.
niah_multikey_1,42,807321311.
niah_multikey_1,43,31117636.
niah_multikey_1,44,62185733.
niah_multikey_1,45,16890736.
niah_multikey_1,46,70765432.
niah_multikey_1,47,5108723.
niah_multikey_1,48,6452832.
niah_multikey_1,49,5049282.
niah_multikey_1,50,77782345.
niah_multikey_1,51,99012358.
niah_multikey_1,52,4106298.
niah_multikey_1,53,42567.
niah_multikey_1,54,92357777.
niah_multikey_1,55,90126315.
niah_multikey_1,56,4786401.
niah_multikey_1,57,2010496.
niah_multikey_1,58,85558273.
niah_multikey_1,59,2974311.
niah_multikey_1,60,7752.
niah_multikey_1,61,52004304.
niah_multikey_1,62,404882.
niah_multikey_1,63,7850944.
niah_multikey_1,64,2477398.
niah_multikey_1,65,444132136.
niah_multikey_1,66,9132114.
niah_multikey_1,67,5896224.
niah_multikey_1,68,4197911.
niah_multikey_1,69,60008513.
niah_multikey_1,70,7425818.
niah_multikey_1,71,7395997.
niah_multikey_1,72,: 86665981.
niah_multikey_1,73,63125832.
niah_multikey_1,74,3791113.
niah_multikey_1,75,40201003.
niah_multikey_1,76,3401111.
niah_multikey_1,77,51982741.
niah_multikey_1,78,497351.
niah_multikey_1,79,9333700.
niah_multikey_1,80,712354.
niah_multikey_1,81,71380.
niah_multikey_1,82,76198543.
niah_multikey_1,83,72321053.
niah_multikey_1,84,4713925.
niah_multikey_1,85,32760841.
niah_multikey_1,86,26661307.
niah_multikey_1,87,7162857.
niah_multikey_1,88,31112352.
niah_multikey_1,89,3427810.
niah_multikey_1,90,8062544.
niah_multikey_1,91,9610704.
niah_multikey_1,92,28112345.
niah_multikey_1,93,8217547.
niah_multikey_1,94,66874204.
niah_multikey_1,95,2564317.
niah_multikey_1,96,3050700.
niah_multikey_1,97,908795.
niah_multikey_1,98,47982046.
niah_multikey_1,99,15384270.
niah_multikey_1,100,6719285.
niah_multikey_1,101,84132080.
niah_multikey_1,102,8212753.
niah_multikey_1,103,45421083.
niah_multikey_1,104,73782040.
niah_multikey_1,105,293201748.
niah_multikey_1,106,5082173.
niah_multikey_1,107,65837491.
niah_multikey_1,108,22648318.
niah_multikey_1,109,6422534.
niah_multikey_1,110,19546230.
niah_multikey_1,111,1688246.
niah_multikey_1,112,8345678.
niah_multikey_1,113,666742174.
niah_multikey_1,114,52227891.
niah_multikey_1,115,6510922.
niah_multikey_1,116,67333317.
niah_multikey_1,117,: 6649968.
niah_multikey_1,118,49857231.
niah_multikey_1,119,94372174.
niah_multikey_1,120,27210025.
niah_multikey_1,121,1893502.
niah_multikey_1,122,66238574.
niah_multikey_1,123,138742440.
niah_multikey_1,124,80432106.
niah_multikey_1,125,5059237.
niah_multikey_1,126,9825812.
niah_multikey_1,127,5254183.
niah_multikey_1,128,8765321.
niah_multikey_1,129,1703065.
niah_multikey_1,130,30886724.
niah_multikey_1,131,97125.
niah_multikey_1,132,5960015.
niah_multikey_1,133,691.
niah_multikey_1,134,83510.
niah_multikey_1,135,22894320.
niah_multikey_1,136,96824508.
niah_multikey_1,137,9240971.
niah_multikey_1,138,3642070.
niah_multikey_1,139,24460154.
niah_multikey_1,140,63144608.
niah_multikey_1,141,9692311.
niah_multikey_1,142,56043240.
niah_multikey_1,143,66664316.
niah_multikey_1,144,60123514.
niah_multikey_1,145,6707460.
niah_multikey_1,146,3057821.
niah_multikey_1,147,367322.
niah_multikey_1,148,: 6920597.
niah_multikey_1,149,82223541.
niah_multikey_1,150,5692934.
niah_multikey_1,151,43397117.
niah_multikey_1,152,9648751.
niah_multikey_1,153,6643410.
niah_multikey_1,154,4817541.
niah_multikey_1,155,6268446.
niah_multikey_1,156,44478213.
niah_multikey_1,157,54321.
niah_multikey_1,158,5993143.
niah_multikey_1,159,58234178.
niah_multikey_1,160,55548270.
niah_multikey_1,161,26843546.
niah_multikey_1,162,8980915.
niah_multikey_1,163,8010946.
niah_multikey_1,164,97968405.
niah_multikey_1,165,6654321.
niah_multikey_1,166,2603728.
niah_multikey_1,167,49512374.
niah_multikey_1,168,78042104.
niah_multikey_1,169,3240912.
niah_multikey_1,170,70623815.
niah_multikey_1,171,444460912.
niah_multikey_1,172,96108736.
niah_multikey_1,173,2010921.
niah_multikey_1,174,741695.
niah_multikey_1,175,47321039.
niah_multikey_1,176,73203.
niah_multikey_1,177,2692765.
niah_multikey_1,178,5853318.
niah_multikey_1,179,5618.
niah_multikey_1,180,35003.
niah_multikey_1,181,7923579.
niah_multikey_1,182,23658137.
niah_multikey_1,183,4156.
niah_multikey_1,184,5013.
niah_multikey_1,185,881755.
niah_multikey_1,186,1278943.
niah_multikey_1,187,9237.
niah_multikey_1,188,1985703.
niah_multikey_1,189,9184838.
niah_multikey_1,190,56092384.
niah_multikey_1,191,69421065.
niah_multikey_1,192,: 4789255.
niah_multikey_1,193,2598471.
niah_multikey_1,194,6274382.
niah_multikey_1,195,7528964.
niah_multikey_1,196,7654321.
niah_multikey_1,197,6969521.
niah_multikey_1,198,358910.
niah_multikey_1,199,7038413.
niah_multikey_1,200,2561359.
niah_multikey_1,201,73820503.
niah_multikey_1,202,: 6029008.
niah_multikey_1,203,61111313.
niah_multikey_1,204,436782160.
niah_multikey_1,205,7309161.
niah_multikey_1,206,4517316.
niah_multikey_1,207,9040224.
niah_multikey_1,208,6956059.
niah_multikey_1,209,1176962.
niah_multikey_1,210,67894567.
niah_multikey_1,211,62315813.
niah_multikey_1,212,85904208.
niah_multikey_1,213,36854201.
niah_multikey_1,214,1074851.
niah_multikey_1,215,: 9211778.
niah_multikey_1,216,3894726.
niah_multikey_1,217,2962077.
niah_multikey_1,218,39067397.
niah_multikey_1,219,: 7441514.
niah_multikey_1,220,1517756.
niah_multikey_1,221,29160691.
niah_multikey_1,222,1540736.
niah_multikey_1,223,81354207.
niah_multikey_1,224,"590,059."
niah_multikey_1,225,75842105.
niah_multikey_1,226,8583162.
niah_multikey_1,227,7009980.
niah_multikey_1,228,5757902.
niah_multikey_1,229,4393210.
niah_multikey_1,230,23872786.
niah_multikey_1,231,32226543.
niah_multikey_1,232,74219567.
niah_multikey_1,233,37538182.
niah_multikey_1,234,2458371.
niah_multikey_1,235,1457.
niah_multikey_1,236,5958372.
niah_multikey_1,237,6309530.
niah_multikey_1,238,5398739.
niah_multikey_1,239,3561552.
niah_multikey_1,240,83339797.
niah_multikey_1,241,3302031.
niah_multikey_1,242,2984512.
niah_multikey_1,243,2293020.
niah_multikey_1,244,9536665.
niah_multikey_1,245,63857234.
niah_multikey_1,246,473210.
niah_multikey_1,247,5892153.
niah_multikey_1,248,110070030.
niah_multikey_1,249,4444.
niah_multikey_1,250,: 2424.
niah_multikey_1,251,319221.
niah_multikey_1,252,277282964.
niah_multikey_1,253,3011815.
niah_multikey_1,254,18243574.
niah_multikey_1,255,120737952.
niah_multikey_1,256,24097536.
niah_multikey_1,257,82173813.
niah_multikey_1,258,15824621.
niah_multikey_1,259,9036805.
niah_multikey_1,260,91375072.
niah_multikey_1,261,57013840.
niah_multikey_1,262,4962.
niah_multikey_1,263,2514267.
niah_multikey_1,264,4362215.
niah_multikey_1,265,269.
niah_multikey_1,266,63221317.
niah_multikey_1,267,1030163.
niah_multikey_1,268,47053184.
niah_multikey_1,269,66321457.
niah_multikey_1,270,7342.
niah_multikey_1,271,1560.
niah_multikey_1,272,"909,121."
niah_multikey_1,273,18546234.
niah_multikey_1,274,9236745.
niah_multikey_1,275,44472091.
niah_multikey_1,276,71953.
niah_multikey_1,277,5505722.
niah_multikey_1,278,97674215.
niah_multikey_1,279,3804573.
niah_multikey_1,280,53267811.
niah_multikey_1,281,9718920.
niah_multikey_1,282,2694338.
niah_multikey_1,283,7773941.
niah_multikey_1,284,5703421.
niah_multikey_1,285,841.
niah_multikey_1,286,62198743.
niah_multikey_1,287,71942317.
niah_multikey_1,288,84371086.
niah_multikey_1,289,3731132.
niah_multikey_1,290,5234897.
niah_multikey_1,291,8700708.
niah_multikey_1,292,2813693.
niah_multikey_1,293,77779646.
niah_multikey_1,294,41867236.
niah_multikey_1,295,26378283.
niah_multikey_1,296,8054359.
niah_multikey_1,297,301077.
niah_multikey_1,298,6308572.
niah_multikey_1,299,3658100.
niah_multikey_1,300,743210.
niah_multikey_1,301,51738186.
niah_multikey_1,302,60003.
niah_multikey_1,303,41620136.
niah_multikey_1,304,7150383.
niah_multikey_1,305,3075.
niah_multikey_1,306,2694160.
niah_multikey_1,307,704321.
niah_multikey_1,308,9064202.
niah_multikey_1,309,26985430.
niah_multikey_1,310,29444707.
niah_multikey_1,311,2909784.
niah_multikey_1,312,2740017.
niah_multikey_1,313,7371160.
niah_multikey_1,314,: 98047623.
niah_multikey_1,315,6800713.
niah_multikey_1,316,: 6379342.
niah_multikey_1,317,63025515.
niah_multikey_1,318,61020205.
niah_multikey_1,319,7095071.
niah_multikey_1,320,278391.
niah_multikey_1,321,4287016.
niah_multikey_1,322,9898037.
niah_multikey_1,323,74953887.
niah_multikey_1,324,5934210.
niah_multikey_1,325,4518395.
niah_multikey_1,326,2936178.
niah_multikey_1,327,73894563.
niah_multikey_1,328,85937275.
niah_multikey_1,329,1902051.
niah_multikey_1,330,8529460.
niah_multikey_1,331,8189168.
niah_multikey_1,332,1853212.
niah_multikey_1,333,77768215.
niah_multikey_1,334,5039.
niah_multikey_1,335,96712543.
niah_multikey_1,336,42298821.
niah_multikey_1,337,83072091.
niah_multikey_1,338,48194.
niah_multikey_1,339,7534756.
niah_multikey_1,340,2451.
niah_multikey_1,341,75559766.
niah_multikey_1,342,2428571.
niah_multikey_1,343,: 4704207.
niah_multikey_1,344,91738.
niah_multikey_1,345,6128383.
niah_multikey_1,346,7031174.
niah_multikey_1,347,: 6124966.
niah_multikey_1,348,: 456931.
niah_multikey_1,349,: 3493647.
niah_multikey_1,350,3355.
niah_multikey_1,351,5423178.
niah_multikey_1,352,1669489.
niah_multikey_1,353,4739228.
niah_multikey_1,354,33331501.
niah_multikey_1,355,2985251.
niah_multikey_1,356,5089271.
niah_multikey_1,357,13120540.
niah_multikey_1,358,33945728.
niah_multikey_1,359,734521.
niah_multikey_1,360,2615622.
niah_multikey_1,361,172873.
niah_multikey_1,362,90005101.
niah_multikey_1,363,9720156.
niah_multikey_1,364,5255251.
niah_multikey_1,365,90945678.
niah_multikey_1,366,84932104.
niah_multikey_1,367,1873301.
niah_multikey_1,368,4720687.
niah_multikey_1,369,1179690.
niah_multikey_1,370,50140.
niah_multikey_1,371,12578907.
niah_multikey_1,372,5639031.
niah_multikey_1,373,532377.
niah_multikey_1,374,14589072.
niah_multikey_1,375,7913513.
niah_multikey_1,376,6734823.
niah_multikey_1,377,50613744.
niah_multikey_1,378,92654321.
niah_multikey_1,379,: 472098.
niah_multikey_1,380,1546310.
niah_multikey_1,381,70682744.
niah_multikey_1,382,40812581.
niah_multikey_1,383,3200150.
niah_multikey_1,384,8071943.
niah_multikey_1,385,4614957.
niah_multikey_1,386,3034211.
niah_multikey_1,387,58073647.
niah_multikey_1,388,62593744.
niah_multikey_1,389,8465872.
niah_multikey_1,390,3800292.
niah_multikey_1,391,3605071.
niah_multikey_1,392,: 8463259.
niah_multikey_1,393,48105263.
niah_multikey_1,394,6769431.
niah_multikey_1,395,7268350.
niah_multikey_1,396,4700926.
niah_multikey_1,397,: 32921770.
niah_multikey_1,398,3527.
niah_multikey_1,399,2513254.
niah_multikey_1,400,19402374.
niah_multikey_1,401,74012345.
niah_multikey_1,402,2576392.
niah_multikey_1,403,9073692.
niah_multikey_1,404,50782074.
niah_multikey_1,405,5172867.
niah_multikey_1,406,68274318.
niah_multikey_1,407,59448273.
niah_multikey_1,408,8539415.
niah_multikey_1,409,41127748.
niah_multikey_1,410,: 93478210.
niah_multikey_1,411,2794382.
niah_multikey_1,412,21894304.
niah_multikey_1,413,797856.
niah_multikey_1,414,4875838.
niah_multikey_1,415,81654217.
niah_multikey_1,416,84325610.
niah_multikey_1,417,4589118.
niah_multikey_1,418,11110206.
niah_multikey_1,419,3322104.
niah_multikey_1,420,77007501.
niah_multikey_1,421,60397762.
niah_multikey_1,422,7417066.
niah_multikey_1,423,7591477.
niah_multikey_1,424,769318.
niah_multikey_1,425,76320948.
niah_multikey_1,426,41957621.
niah_multikey_1,427,84193260.
niah_multikey_1,428,1230456.
niah_multikey_1,429,3371.
niah_multikey_1,430,55551347.
niah_multikey_1,431,: 1320081.
niah_multikey_1,432,5150516.
niah_multikey_1,433,60721317.
niah_multikey_1,434,754210.
niah_multikey_1,435,3562705.
niah_multikey_1,436,439202.
niah_multikey_1,437,6328403.
niah_multikey_1,438,3206973.
niah_multikey_1,439,9427608.
niah_multikey_1,440,3742109.
niah_multikey_1,441,2109583.
niah_multikey_1,442,: 7381619.
niah_multikey_1,443,76435217.
niah_multikey_1,444,6109570.
niah_multikey_1,445,7938573.
niah_multikey_1,446,43875603.
niah_multikey_1,447,9582763.
niah_multikey_1,448,1868457.
niah_multikey_1,449,1096478.
niah_multikey_1,450,2333.
niah_multikey_1,451,60082345.
niah_multikey_1,452,397620.
niah_multikey_1,453,88995.
niah_multikey_1,454,987654321.
niah_multikey_1,455,6936673.
niah_multikey_1,456,1402431.
niah_multikey_1,457,4375360.
niah_multikey_1,458,48587263.
niah_multikey_1,459,8727886.
niah_multikey_1,460,"6690,33."
niah_multikey_1,461,79456321.
niah_multikey_1,462,4626225.
niah_multikey_1,463,4191222.
niah_multikey_1,464,9763254.
niah_multikey_1,465,62457811.
niah_multikey_1,466,63544444.
niah_multikey_1,467,3374911.
niah_multikey_1,468,88897524.
niah_multikey_1,469,8479891.
niah_multikey_1,470,880585858.
niah_multikey_1,471,1507.
niah_multikey_1,472,386574.
niah_multikey_1,473,99377874.
niah_multikey_1,474,44493656.
niah_multikey_1,475,3957260.
niah_multikey_1,476,3503436.
niah_multikey_1,477,6775801.
niah_multikey_1,478,70213124.
niah_multikey_1,479,74021741.
niah_multikey_1,480,7452318.
niah_multikey_1,481,8327199.
niah_multikey_1,482,8517056.
niah_multikey_1,483,4972005.
niah_multikey_1,484,88800337.
niah_multikey_1,485,"9976,238."
niah_multikey_1,486,6561881.
niah_multikey_1,487,8938316.
niah_multikey_1,488,5667890.
niah_multikey_1,489,3942713.
niah_multikey_1,490,7925411.
niah_multikey_1,491,8989846.
niah_multikey_1,492,7544296.
niah_multikey_1,493,55536219.
niah_multikey_1,494,5056679.
niah_multikey_1,495,2639113.
niah_multikey_1,496,: 46378472.
niah_multikey_1,497,5942041.
niah_multikey_1,498,53248573.
niah_multikey_1,499,3411.
